id,link,start_time,end_time, name
0,Na5vejwaJQA, 1-42, 9-52
1,uRM0yMF0AtQ, 4-0, 15-40
2,ccJLRXm9iXw, 1-40, 12-20
3,3kFX9ejMbM8, 3-50, 12-8
4,_t-4M4Q6pTk, 3-0, 15-0
5,udtN_TRUK0I, 3-0, 13-30
6,Xs9D-FJ3RvY, 2-43, 10-0
7,XD4jbio1mfc, 5-0, 14-45
8,qduAK_FeObQ, 3-47, 9-30
9,6nhHzIg6Fqk, 1-56, 10-10
10,KNNF9Sznwlk, 2-5, 9-20
11,LjNUQ4zjHp8, 3-40, 10-35
12,YQ0F8sHpjVI, 2-30, 11-30
13,ojcv8wYK53k, 1-50, 9-40
14,VH3evagLbCU, 1-50, 9-55
15,tQPI3TqdCaA, 2-20, 11-30
16,M3BCVZ4WVHM, 3-5, 12-0
17,JkGx1vojCDM, 2-1, 13-50, Zackchoi
18,em1FW2FjaCM, 8-40, 17-40, Zackchoi
19,9puQp_MhFpo, 4-10, 12-28, Zackchoi
20,xveNdOQ4_vM, 2-9, 10-0, Zackchoi
21,7J0lys5pOG8, 2-5, 15-10, Zackchoi
22,qduAK_FeObQ, 3-47, 9-30, Zackchoi
23,xG_aqa94TD8, 0-48, 6-25, JaeYeol ASMR 재열
24,261-jFGpYRo, 1-30, 11-0, 밴쯔
25,MngxUlEOhxM, 0-10, 16-30, 大食いらすかる
26,I594xLug_PE, 0-40, 5-30, 봉길이 Bonggil
27,zuYqN8hy800, 0-44, 9-55, 봉길이 Bonggil
28,DpH0KB4Q390, 2-0, 8-29, 봉길이 Bonggil
29,hxFXZ4YB5oc, 0-30, 12-3, Donam도남이먹방
30,0Mr1JRgOL6A, 0-42, 5-50, Donam도남이먹방
31,YymXdnfrMXQ, 0-24, 9-15, Donam도남이먹방
32,zeG2M5hEKps, 1-5,  11-35, KyoKwang TV
33,mk8ZI7kftLY, 0-55, 11-30, KyoKwang TV
34,Jq_-ZDz2N8w, 1-10, 11-10, KyoKwang TV
